"tutorial","collection"
"Git","strange-strings-8kyu-1"
"HTML5 Basics","jealous-jumpers"
"CSS Basics","numerous-nuances​​​​​​​​​​​​​​"
"Pre & Post processing CSS","ornamental-objectives​​​​​​​​​​​​​​"
"CSS Layouts","diverging-dungeons​​​​​​​"
"Responsive Design","elementary-expeditions​​​​​​​"
"​​​​​​​CSS Methodologies","quiet-quanta​​​​​​​​​​​​​​"
"JS Intro","boring-bananas​​​​​​​​​​​​​​"
"Web debugging and profiling tools","practical-pyramids​​​​​​​​​​​​​​"
"Data types","absolute-algorithms​​​​​​​​​​​​​"
"Functions","functional-fruits​​​​​​​​​​​​​​"